sheet,edition,file,sha256
7B 6j,65,133_7b6j65_0_b2.tif,9dca97968d693ad545e51775a505edcf4d3e8400a2985cabd4595800fc0d4c6f
7B 7j,65,133_7b7j65_0_b2.tif,8e496e4afdc333f5115e804b02025a8b0e5d0968d34f145d4a04750f330f820a
7B 8j,65,133_7b8j65_0_b2.tif,21c708b84ec8bc537088265abc1bca97ae329c24454422a1a593d7e0894dcddf
7B 9j,65,133_7b9j65_0_b2.tif,4fa41f55fec783537c9bc698567fbb4fca8118665bb5e1598e3c126adb6e5a63
7C 5a,64,133_7c5a64_0_b2.tif,ec93066bc2c035e3334a27682a16932acb53d3308d2b84cea7adcef001e5c560
7C 5b,64,133_7c5b64_0_b2.tif,b6a614033adb2c70def3bd40625dc0b5cf526f19689c93ff6e861c7eb624d62b
7C 5c,64,133_7c5c64_0_b2.tif,4f30efe8dd2ef79230f82a6c1fba100ff76f820fa5f6d385383051abc707f039
7C 5d,63,133_7c5d63_0_b2.tif,a4ac288a337702a127a002619f8d86ec6ba2856381b75caeae3772e215a3a180
7C 5e,63,133_7c5e63_0_b2.tif,0b799986cd8a09df964d84229d6b280e3b91668ff7ecbd0663622ccbb856c6b8
7C 6a,64,133_7c6a64_0_b2.tif,43f7bc07d3393156a4b25d7e60a932ca8aeb948f85f914f2b395beb01c42c366
7C 6b,64,133_7c6b64_0_b2.tif,f215cd3c11f17e857104901eb7fbe80ec6eb8e75f93bf34ec47bf55bda3a7c40
7C 6c,64,133_7c6c64_0_b2.tif,c86ccd263e62a3e3f24681e9db1360c43079778f01d27e537508334a2781f1be
7C 6d,64,133_7c6d64_0_b2.tif,e9929fb13b2c81b796c90014afdf23c8091f5a4bc8f2f74f732b14b687c732ee
7C 6e,64,133_7c6e64_0_b2.tif,2bcf29507270188a992e63a22bf4cf7e97931001d3cb3e72a550bc052fc9a17d
7C 7a,64,133_7c7a64_0_b2.tif,ae54dcc105b2699075c661d10a2c3eb27842de5177c0368efae2c445419612bb
7C 7b,64,133_7c7b64_0_b2.tif,61c4efe38b753bfec59113cbdee7589682eb5b1cfbbd803b578a40d99612812b
7C 7c,64,133_7c7c64_0_b2.tif,4aeaed4e6c2c8d012fe30d9ee4fd8183749f8ee97476d39e70be7365ced514ce
7C 7d,64,133_7c7d64_0_b2.tif,dc2c8c1a4595aaa3fba2b8b407370da9ecc2639d4a0ebe6f00590b9ee2eb8079
7C 7e,63,133_7c7e63_0_b2.tif,8a6824ed5199f88306648b8e1eb40bc02e9fa0cf3da1b4ba6c35200306f35971
7C 8a,64,133_7c8a64_0_b2.tif,afe6ee813e3b7b1ed1facffad7b1678f5e3501f3beedc8bc8bcbe37ea79e2e24
7C 8b,64,133_7c8b64_0_b2.tif,76dbea4735881f347cc18b5c9c5c9dde746ea648e123ae5776ff09dd12facb65
7C 8c,64,133_7c8c64_0_b2.tif,eee9ae2fdc7f1f76f16699c04376bd8a980e348c971a5fd374f8ef3aff0893c1
7C 8d,64,133_7c8d64_0_b2.tif,ada2592b510e763f0ab9430fd5c2fe437933a6c757dad3fb256304e783c59795
7C 8e,64,133_7c8e64_0_b2.tif,2e91464393b86ba0c5b4671b008aea36c03c0cef13a1591b517872925fb77b41
7C 9a,64,133_7c9a64_0_b2.tif,4d02b45ae15d704379a63f207c901545dcf86e278f7c5078b942b0e5eb74da0c
7C 9b,64,133_7c9b64_0_b2.tif,9dd1ae069aa40d74316c21cff276ea36de68d2652200ffc9a0498507cbd50854
7C 9c,64,133_7c9c64_0_b2.tif,3c8af508b6294e8adfcd79277850c9401a92a375bff1ee493b0f08b9599a5fb0
7C 9d,63,133_7c9d63_0_b2.tif,93558dd4b6a0d822692137e56e08dc8ec59e98bdbb6b2bf60614c3cb05a900fc
7C 9e,64,133_7c9e64_0_b2.tif,ea24dc99013a6da5664aefde3a15a550d1be87c884dec13f1ca6c4f01a1724a6
8B 0j,65,133_8b0j65_0_b2.tif,0f3e3b14fb527baa52cc47f79c0c538e48eeaa3a19dcba0c11326740f93a6d92
8B 1j,65,133_8b1j65_0_b2.tif,c51f022426d3c0a4bb66dafe0feced0f590e1bb6cb8310736b06c21602d6022c
8C 0a,64,133_8c0a64_0_b2.tif,018118c7760f5adf49184d2d325b1598755c5d74a09e03eb560dcc66ff20aee8
8C 0b,64,133_8c0b64_0_b2.tif,20bb6538aa80bc16b517308f9188f2fc0e490a2a3835830dc9f32db958250d3c
8C 0c,67,133_8c0c67_0_b2.tif,68bb53711e633afad81f4ee4f58e2d8f1f46a9876eac8a7a958425f10da78589
8C 0d,63,133_8c0d63_0_b2.tif,8910d52ceccd4f6c4e2826d6f6f21c5cb23f0edc5182fe5e8063cddd5cddf859
8C 0e,63,133_8c0e63_0_b2.tif,702f99e352e5da081250d697c07c1027920181398505fd3e2345475eb0c586a1
8C 1a,64,133_8c1a64_0_b2.tif,8a287cc359e12ac6fe3b6617979632834dce724ee57a146fa65cb21916d58174
8C 1b,64,133_8c1b64_0_b2.tif,38cc6df3346736af711cde32c9d06ae18564b0b26b3f7fa47c965855d086d5d3
8C 1c,64,133_8c1c64_0_b2.tif,cf8794f1bfa18c99be4f1e62cba39cc9307726278949fbfd0761d50907a925c2
8C 1d,64,133_8c1d64_0_b2.tif,b6efd1e2ba7dfa3f26818519bba0c8709819aec1d26fa97ab20f799cf02bad63
8C 1e,74,133_8c1e74_0_b2.tif,6344c4129c896e25f65a7b8a6c3c0825621ce0cf5f7534a021f61861cd3a790d
