folknet_unit_key,folknet_lan,folknet_typ,folknet_namn,level,histmaps_ref_code,histmaps_name,histmaps_type_id,domain_role,method,review_status
folknet:14:Församling:ANGERED,14,Församling,ANGERED,parish,SE/148026000,Angereds församling,parish,ring,genitive_name_plus_type_word,matched
folknet:14:Församling:ASKIM,14,Församling,ASKIM,parish,SE/148036000,Askims församling,parish,ring,genitive_name_plus_type_word,matched
folknet:14:Församling:BACKA,14,Församling,BACKA,parish,SE/148020000,Backa församling,parish,ring,name_plus_type_word,matched
folknet:14:Församling:BJÖRKETORP,14,Församling,BJÖRKETORP,parish,SE/140104000,Björketorps församling,parish,ring,genitive_name_plus_type_word,matched
folknet:14:Församling:BJÖRLANDA,14,Församling,BJÖRLANDA,parish,SE/148029000,Björlanda församling,parish,ring,name_plus_type_word,matched
folknet:14:Församling:BÄVE,14,Församling,BÄVE,parish,SE/148512000,Bäve församling,parish,ring,name_plus_type_word,matched
folknet:14:Församling:FORSHÄLLA,14,Församling,FORSHÄLLA,parish,SE/148505000,Forshälla församling,parish,ring,name_plus_type_word,matched
folknet:14:Församling:GRINNERÖD,14,Församling,GRINNERÖD,parish,SE/148502000,Grinneröds församling,parish,ring,genitive_name_plus_type_word,matched
folknet:14:Församling:HARESTAD,14,Församling,HARESTAD,parish,SE/148204000,Harestads församling,parish,ring,genitive_name_plus_type_word,matched
folknet:14:Församling:HERRESTAD,14,Församling,HERRESTAD,parish,SE/148510000,Herrestads församling (O-län),parish,ring,genitive_name_plus_type_word_without_county_qualifier,matched
folknet:14:Församling:HÄRRYDA,14,Församling,HÄRRYDA,parish,SE/140101000,Härryda församling,parish,ring,name_plus_type_word,matched
folknet:14:Församling:HÅLTA,14,Församling,HÅLTA,parish,SE/148210000,Hålta församling,parish,ring,name_plus_type_word,matched
folknet:14:Församling:JÖRLANDA,14,Församling,JÖRLANDA,parish,SE/141505000,Jörlanda församling,parish,ring,name_plus_type_word,matched
folknet:14:Församling:KAREBY,14,Församling,KAREBY,parish,SE/148209000,Kareby församling,parish,ring,name_plus_type_word,matched
folknet:14:Församling:KÅLLERED,14,Församling,KÅLLERED,parish,SE/148102000,Kållereds församling,parish,ring,genitive_name_plus_type_word,matched
folknet:14:Församling:LANDVETTER,14,Församling,LANDVETTER,parish,SE/140102000,Landvetters församling,parish,ring,genitive_name_plus_type_word,matched
folknet:14:Församling:LANE-RYR,14,Församling,LANE-RYR,parish,SE/148511000,Lane-Ryrs församling,parish,ring,genitive_name_plus_type_word,matched
folknet:14:Församling:LINDOME,14,Församling,LINDOME,parish,SE/148103000,Lindome församling,parish,ring,name_plus_type_word,matched
folknet:14:Församling:LJUNG,14,Församling,LJUNG,parish,SE/148503000,Ljungs församling (O-län),parish,ring,genitive_name_plus_type_word_without_county_qualifier,matched
folknet:14:Församling:LUNDBY,14,Församling,LUNDBY,parish,SE/148017000,Lundby församling (O-län),parish,ring,name_plus_type_word_without_county_qualifier,matched
folknet:14:Församling:NORUM,14,Församling,NORUM,parish,SE/141502000,Norums församling,parish,ring,genitive_name_plus_type_word,matched
folknet:14:Församling:PARTILLE,14,Församling,PARTILLE,parish,SE/140271000,Partille församling,parish,ring,name_plus_type_word,matched
folknet:14:Församling:RESTERÖD,14,Församling,RESTERÖD,parish,SE/148504000,Resteröds församling,parish,ring,genitive_name_plus_type_word,matched
folknet:14:Församling:ROMELANDA,14,Församling,ROMELANDA,parish,SE/148208000,Romelanda församling,parish,ring,name_plus_type_word,matched
folknet:14:Församling:RÅDA,14,Församling,RÅDA,parish,SE/140103000,Råda församling (O-län),parish,ring,name_plus_type_word_without_county_qualifier,matched
folknet:14:Församling:RÖDBO,14,Församling,RÖDBO,parish,SE/148035000,Rödbo församling,parish,ring,name_plus_type_word,matched
folknet:14:Församling:SOLBERGA,14,Församling,SOLBERGA,parish,SE/148211000,Solberga församling (O-län),parish,ring,name_plus_type_word_without_county_qualifier,matched
folknet:14:Församling:SPEKERÖD,14,Församling,SPEKERÖD,parish,SE/141501000,Spekeröds församling,parish,ring,genitive_name_plus_type_word,matched
folknet:14:Församling:SÄVE,14,Församling,SÄVE,parish,SE/148031000,Säve församling,parish,ring,name_plus_type_word,matched
folknet:14:Församling:SÄVEDALEN,14,Församling,SÄVEDALEN,parish,SE/140203000,Sävedalens församling,parish,ring,genitive_name_plus_type_word,matched
folknet:14:Församling:TORSBY,14,Församling,TORSBY,parish,SE/148205000,Torsby församling,parish,ring,name_plus_type_word,matched
folknet:14:Församling:TUVE,14,Församling,TUVE,parish,SE/148030000,Tuve församling,parish,ring,name_plus_type_word,matched
folknet:14:Församling:UCKLUM,14,Församling,UCKLUM,parish,SE/141504000,Ucklums församling,parish,ring,genitive_name_plus_type_word,matched
folknet:14:Församling:VALBO-RYR,14,Församling,VALBO-RYR,parish,SE/143003000,Valbo-Ryrs församling,parish,ring,genitive_name_plus_type_word,matched
folknet:14:Församling:VÄSTRA FRÖLUNDA,14,Församling,VÄSTRA FRÖLUNDA,parish,SE/148022000,Västra Frölunda församling,parish,ring,name_plus_type_word,matched
folknet:14:Församling:YTTERBY,14,Församling,YTTERBY,parish,SE/148207000,Ytterby församling,parish,ring,name_plus_type_word,matched
folknet:14:Församling:ÖDSMÅL,14,Församling,ÖDSMÅL,parish,SE/141503000,Ödsmåls församling,parish,ring,genitive_name_plus_type_word,matched
folknet:14:Församling:ÖRGRYTE,14,Församling,ÖRGRYTE,parish,SE/148016000,Örgryte församling,parish,ring,name_plus_type_word,matched
folknet:14:Kommun:GÖTEBORG KOMMUN,14,Kommun,GÖTEBORG KOMMUN,kommun,SE/148000000,Göteborgs kommun,municipal,ring,genitive_name_plus_type_word,matched
folknet:14:Kommun:MUNKEDAL KOMMUN,14,Kommun,MUNKEDAL KOMMUN,kommun,SE/143000000,Munkedals kommun,municipal,ring,genitive_name_plus_type_word,matched
folknet:14:Kommun:MÖLNDAL KOMMUN,14,Kommun,MÖLNDAL KOMMUN,kommun,SE/148100000,Mölndals kommun,municipal,ring,genitive_name_plus_type_word,matched
folknet:14:Kommun:PARTILLE KOMMUN,14,Kommun,PARTILLE KOMMUN,kommun,SE/140200000,Partille kommun,municipal,ring,exact_name,matched
folknet:14:Kommun:STENUNGSUND KOMMUN,14,Kommun,STENUNGSUND KOMMUN,kommun,SE/141500000,Stenungsunds kommun,municipal,ring,genitive_name_plus_type_word,matched
folknet:14:Kommun:UDDEVALLA KOMMUN,14,Kommun,UDDEVALLA KOMMUN,kommun,SE/148500000,Uddevalla kommun,municipal,ring,exact_name,matched
folknet:14:Stad:GÖTEBORG STAD,14,Stad,GÖTEBORG STAD,stad,SE/148000002,Göteborgs stad,municipal,ring,genitive_name_plus_type_word,matched
folknet:14:Stad:KUNGÄLV STAD,14,Stad,KUNGÄLV STAD,stad,SE/148200002,Kungälvs stad,municipal,ring,genitive_name_plus_type_word,matched
folknet:14:Stad:UDDEVALLA STAD,14,Stad,UDDEVALLA STAD,stad,SE/148500001,Uddevalla stad,municipal,ring,exact_name,matched
folknet:15:Församling:ALE-SKÖVDE,15,Församling,ALE-SKÖVDE,parish,SE/156205000,Ale-Skövde församling,parish,core,name_plus_type_word,matched
folknet:15:Församling:ALGUTSTORP,15,Församling,ALGUTSTORP,parish,SE/152713000,Algutstorps församling,parish,core,genitive_name_plus_type_word,matched
folknet:15:Församling:ALINGSÅS LANDSFÖRSAMLING,15,Församling,ALINGSÅS LANDSFÖRSAMLING,parish,SE/158201005,Alingsås landsförsamling,parish,core,exact_name,matched
folknet:15:Församling:ASKLANDA,15,Församling,ASKLANDA,parish,SE/152711000,Asklanda församling,parish,ring,name_plus_type_word,matched
folknet:15:Församling:BERGSTENA,15,Församling,BERGSTENA,parish,SE/152702000,Bergstena församling,parish,core,name_plus_type_word,matched
folknet:15:Församling:BOLLEBYGD,15,Församling,BOLLEBYGD,parish,SE/158318000,Bollebygd församling,parish,ring,name_plus_type_word,matched
folknet:15:Församling:BORGSTENA,15,Församling,BORGSTENA,parish,SE/158312000,Borgstena församling,parish,ring,name_plus_type_word,matched
folknet:15:Församling:BREDARED,15,Församling,BREDARED,parish,SE/158315000,Bredareds församling,parish,ring,genitive_name_plus_type_word,matched
folknet:15:Församling:BRÄMHULT,15,Församling,BRÄMHULT,parish,SE/158303000,Brämhults församling,parish,ring,genitive_name_plus_type_word,matched
folknet:15:Församling:BRÅTTENSBY,15,Församling,BRÅTTENSBY,parish,SE/156601000,Bråttensby församling,parish,ring,name_plus_type_word,matched
folknet:15:Församling:BÄLINGE,15,Församling,BÄLINGE,parish,SE/158201003,Bälinge församling (P-län),parish,core,name_plus_type_word_without_county_qualifier,matched
folknet:15:Församling:EGGVENA,15,Församling,EGGVENA,parish,SE/156602000,Eggvena församling,parish,ring,name_plus_type_word,matched
folknet:15:Församling:ERSKA,15,Församling,ERSKA,parish,SE/158208000,Erska församling,parish,core,name_plus_type_word,matched
folknet:15:Församling:FORS,15,Församling,FORS,parish,SE/158107000,Fors församling (P-län),parish,ring,name_plus_type_word_without_county_qualifier,matched
folknet:15:Församling:FRISTAD,15,Församling,FRISTAD,parish,SE/158311000,Fristads församling,parish,ring,genitive_name_plus_type_word,matched
folknet:15:Församling:FRÄNDEFORS,15,Församling,FRÄNDEFORS,parish,SE/158006000,Frändefors församling,parish,ring,name_plus_type_word,matched
folknet:15:Församling:FULLESTAD,15,Församling,FULLESTAD,parish,SE/152703000,Fullestads församling,parish,core,genitive_name_plus_type_word,matched
folknet:15:Församling:FUXERNA,15,Församling,FUXERNA,parish,SE/156201000,Fuxerna församling,parish,ring,name_plus_type_word,matched
folknet:15:Församling:FÖLENE,15,Församling,FÖLENE,parish,SE/156603000,Fölene församling,parish,ring,name_plus_type_word,matched
folknet:15:Församling:GESTAD,15,Församling,GESTAD,parish,SE/158003000,Gestads församling,parish,ring,genitive_name_plus_type_word,matched
folknet:15:Församling:GINGRI,15,Församling,GINGRI,parish,SE/158309000,Gingri församling,parish,ring,name_plus_type_word,matched
folknet:15:Församling:GRUDE,15,Församling,GRUDE,parish,SE/156614000,Grude församling,parish,ring,name_plus_type_word,matched
folknet:15:Församling:GÄRDHEM,15,Församling,GÄRDHEM,parish,SE/158104000,Gärdhems församling,parish,ring,genitive_name_plus_type_word,matched
folknet:15:Församling:HEMSJÖ,15,Församling,HEMSJÖ,parish,SE/158209000,Hemsjö församling,parish,ring,name_plus_type_word,matched
folknet:15:Församling:HERRLJUNGA,15,Församling,HERRLJUNGA,parish,SE/156606000,Herrljunga församling,parish,ring,name_plus_type_word,matched
folknet:15:Församling:HJÄRTUM,15,Församling,HJÄRTUM,parish,SE/156207000,Hjärtums församling,parish,ring,genitive_name_plus_type_word,matched
folknet:15:Församling:HOL,15,Församling,HOL,parish,SE/152706000,Hols församling,parish,core,genitive_name_plus_type_word,matched
folknet:15:Församling:HORLA,15,Församling,HORLA,parish,SE/152705000,Horla församling,parish,core,name_plus_type_word,matched
folknet:15:Församling:HYSSNA,15,Församling,HYSSNA,parish,SE/156305000,Hyssna församling,parish,ring,name_plus_type_word,matched
folknet:15:Församling:HÅLANDA,15,Församling,HÅLANDA,parish,SE/152102000,Hålanda församling,parish,core,name_plus_type_word,matched
folknet:15:Församling:JÄLLBY,15,Församling,JÄLLBY,parish,SE/156613000,Jällby församling,parish,ring,name_plus_type_word,matched
folknet:15:Församling:KILANDA,15,Församling,KILANDA,parish,SE/152104000,Kilanda församling,parish,ring,name_plus_type_word,matched
folknet:15:Församling:KINNARUMMA,15,Församling,KINNARUMMA,parish,SE/158320000,Kinnarumma församling,parish,ring,name_plus_type_word,matched
folknet:15:Församling:KULLINGS-SKÖVDE,15,Församling,KULLINGS-SKÖVDE,parish,SE/152714000,Kullings-Skövde församling,parish,core,name_plus_type_word,matched
folknet:15:Församling:KVINNESTAD,15,Församling,KVINNESTAD,parish,SE/152712000,Kvinnestads församling,parish,ring,genitive_name_plus_type_word,matched
folknet:15:Församling:LAGMANSERED,15,Församling,LAGMANSERED,parish,SE/158108000,Lagmansereds församling,parish,core,genitive_name_plus_type_word,matched
folknet:15:Församling:LANDA,15,Församling,LANDA,parish,SE/152717000,Landa församling (P-län),parish,ring,name_plus_type_word_without_county_qualifier,matched
folknet:15:Församling:LENA,15,Församling,LENA,parish,SE/152701000,Lena församling (P-län),parish,core,name_plus_type_word_without_county_qualifier,matched
folknet:15:Församling:LERUM,15,Församling,LERUM,parish,SE/152401000,Lerums församling,parish,ring,genitive_name_plus_type_word,matched
folknet:15:Församling:LJUR,15,Församling,LJUR,parish,SE/152709000,Ljurs församling,parish,core,genitive_name_plus_type_word,matched
folknet:15:Församling:LJUSHULT,15,Församling,LJUSHULT,parish,SE/158308000,Ljushults församling,parish,ring,genitive_name_plus_type_word,matched
folknet:15:Församling:LÅNGARED,15,Församling,LÅNGARED,parish,SE/158207000,Långareds församling,parish,core,genitive_name_plus_type_word,matched
folknet:15:Församling:MAGRA,15,Församling,MAGRA,parish,SE/158206000,Magra församling,parish,core,name_plus_type_word,matched
folknet:15:Församling:MOLLA,15,Församling,MOLLA,parish,SE/156616000,Molla församling,parish,ring,name_plus_type_word,matched
folknet:15:Församling:NORRA BJÖRKE,15,Församling,NORRA BJÖRKE,parish,SE/158102000,Norra Björke församling,parish,ring,name_plus_type_word,matched
folknet:15:Församling:NÅRUNGA,15,Församling,NÅRUNGA,parish,SE/152708000,Nårunga församling,parish,core,name_plus_type_word,matched
folknet:15:Församling:NÖDINGE,15,Församling,NÖDINGE,parish,SE/152101000,Nödinge församling,parish,ring,name_plus_type_word,matched
folknet:15:Församling:ORNUNGA,15,Församling,ORNUNGA,parish,SE/152710000,Ornunga församling,parish,ring,name_plus_type_word,matched
folknet:15:Församling:REMMENE,15,Församling,REMMENE,parish,SE/156604000,Remmene församling,parish,ring,name_plus_type_word,matched
folknet:15:Församling:ROMMELE,15,Församling,ROMMELE,parish,SE/158106000,Rommele församling,parish,ring,name_plus_type_word,matched
folknet:15:Församling:RÖDENE,15,Församling,RÖDENE,parish,SE/158201002,Rödene församling,parish,core,name_plus_type_word,matched
folknet:15:Församling:SANDHULT,15,Församling,SANDHULT,parish,SE/158316000,Sandhults församling,parish,ring,genitive_name_plus_type_word,matched
folknet:15:Församling:SANKT PEDER,15,Församling,SANKT PEDER,parish,SE/156204000,Sankt Peders församling,parish,ring,genitive_name_plus_type_word,matched
folknet:15:Församling:SEGLORA,15,Församling,SEGLORA,parish,SE/158319000,Seglora församling,parish,ring,name_plus_type_word,matched
folknet:15:Församling:SIENE,15,Församling,SIENE,parish,SE/152704000,Siene församling,parish,core,name_plus_type_word,matched
folknet:15:Församling:SKALLSJÖ,15,Församling,SKALLSJÖ,parish,SE/152402000,Skallsjö församling,parish,ring,name_plus_type_word,matched
folknet:15:Församling:SKEPPLANDA,15,Församling,SKEPPLANDA,parish,SE/152103000,Skepplanda församling,parish,core,name_plus_type_word,matched
folknet:15:Församling:SKOGSBYGDEN,15,Församling,SKOGSBYGDEN,parish,SE/152707000,Skogsbygdens församling,parish,ring,genitive_name_plus_type_word,matched
folknet:15:Församling:STARRKÄRR,15,Församling,STARRKÄRR,parish,SE/152105000,Starrkärrs församling,parish,ring,genitive_name_plus_type_word,matched
folknet:15:Församling:STORA LUNDBY,15,Församling,STORA LUNDBY,parish,SE/152403000,Stora Lundby församling,parish,ring,name_plus_type_word,matched
folknet:15:Församling:STORA MELLBY,15,Församling,STORA MELLBY,parish,SE/158205000,Stora Mellby församling,parish,core,name_plus_type_word,matched
folknet:15:Församling:SÄTILA,15,Församling,SÄTILA,parish,SE/156304000,Sätila församling,parish,ring,name_plus_type_word,matched
folknet:15:Församling:SÖDRA HÄRENE,15,Församling,SÖDRA HÄRENE,parish,SE/152715000,Södra Härene församling,parish,core,name_plus_type_word,matched
folknet:15:Församling:TARSLED,15,Församling,TARSLED,parish,SE/156606002,Tarsleds församling,parish,ring,genitive_name_plus_type_word,matched
folknet:15:Församling:TOARP,15,Församling,TOARP,parish,SE/158306000,Toarps församling,parish,ring,genitive_name_plus_type_word,matched
folknet:15:Församling:TORP,15,Församling,TORP,parish,SE/150703000,Torps församling (P-län),parish,ring,genitive_name_plus_type_word_without_county_qualifier,matched
folknet:15:Församling:TORPA,15,Församling,TORPA,parish,SE/158301002,Torpa församling (P-län),parish,ring,name_plus_type_word_without_county_qualifier,matched
folknet:15:Församling:TUMBERG,15,Församling,TUMBERG,parish,SE/152714002,Tumbergs församling,parish,core,genitive_name_plus_type_word,matched
folknet:15:Församling:TUNGE,15,Församling,TUNGE,parish,SE/156203000,Tunge församling,parish,ring,name_plus_type_word,matched
folknet:15:Församling:TÄMTA,15,Församling,TÄMTA,parish,SE/158313000,Tämta församling,parish,ring,name_plus_type_word,matched
folknet:15:Församling:TÖLLSJÖ,15,Församling,TÖLLSJÖ,parish,SE/158317000,Töllsjö församling,parish,ring,name_plus_type_word,matched
folknet:15:Församling:UPPHÄRAD,15,Församling,UPPHÄRAD,parish,SE/158105000,Upphärads församling,parish,core,genitive_name_plus_type_word,matched
folknet:15:Församling:VASSÄNDA,15,Församling,VASSÄNDA,parish,SE/158001001,Vassända församling,parish,ring,name_plus_type_word,matched
folknet:15:Församling:VESENE,15,Församling,VESENE,parish,SE/156615000,Vesene församling,parish,ring,name_plus_type_word,matched
folknet:15:Församling:VÄNE-RYR,15,Församling,VÄNE-RYR,parish,SE/158002000,Väne-Ryrs församling,parish,ring,genitive_name_plus_type_word,matched
folknet:15:Församling:VÄNE-ÅSAKA,15,Församling,VÄNE-ÅSAKA,parish,SE/158103000,Väne-Åsaka församling,parish,core,name_plus_type_word,matched
folknet:15:Församling:VÄNERSNÄS,15,Församling,VÄNERSNÄS,parish,SE/158007000,Vänersnäs församling,parish,ring,name_plus_type_word,matched
folknet:15:Församling:VÄNGA,15,Församling,VÄNGA,parish,SE/158314000,Vänga församling,parish,ring,name_plus_type_word,matched
folknet:15:Församling:VÄSTERLANDA,15,Församling,VÄSTERLANDA,parish,SE/156206000,Västerlanda församling,parish,ring,name_plus_type_word,matched
folknet:15:Församling:VÄSTRA TUNHEM,15,Församling,VÄSTRA TUNHEM,parish,SE/158009000,Västra Tunhems församling,parish,ring,genitive_name_plus_type_word,matched
folknet:15:Församling:ÅSBRÄCKA,15,Församling,ÅSBRÄCKA,parish,SE/156202000,Åsbräcka församling,parish,ring,name_plus_type_word,matched
folknet:15:Församling:ÖDENÄS,15,Församling,ÖDENÄS,parish,SE/158210000,Ödenäs församling,parish,ring,name_plus_type_word,matched
folknet:15:Församling:ÖSTAD,15,Församling,ÖSTAD,parish,SE/152404000,Östads församling,parish,core,genitive_name_plus_type_word,matched
folknet:15:Kommun:ALE KOMMUN,15,Kommun,ALE KOMMUN,kommun,SE/152100000,Ale kommun,municipal,core,exact_name,matched
folknet:15:Kommun:ALINGSÅS KOMMUN,15,Kommun,ALINGSÅS KOMMUN,kommun,SE/158200000,Alingsås kommun,municipal,core,exact_name,matched
folknet:15:Kommun:BORÅS KOMMUN,15,Kommun,BORÅS KOMMUN,kommun,SE/158300000,Borås kommun,municipal,ring,exact_name,matched
folknet:15:Kommun:HERRLJUNGA KOMMUN,15,Kommun,HERRLJUNGA KOMMUN,kommun,SE/156600000,Herrljunga kommun,municipal,ring,exact_name,matched
folknet:15:Kommun:LERUM KOMMUN,15,Kommun,LERUM KOMMUN,kommun,SE/152400000,Lerums kommun,municipal,core,genitive_name_plus_type_word,matched
folknet:15:Kommun:LILLA EDET KOMMUN,15,Kommun,LILLA EDET KOMMUN,kommun,SE/156200000,Lilla Edets kommun,municipal,core,genitive_name_plus_type_word,matched
folknet:15:Kommun:MARK KOMMUN,15,Kommun,MARK KOMMUN,kommun,SE/156300000,Marks kommun,municipal,ring,genitive_name_plus_type_word,matched
folknet:15:Kommun:TROLLHÄTTAN KOMMUN,15,Kommun,TROLLHÄTTAN KOMMUN,kommun,SE/158100000,Trollhättans kommun,municipal,core,genitive_name_plus_type_word,matched
folknet:15:Kommun:VÄNERSBORG KOMMUN,15,Kommun,VÄNERSBORG KOMMUN,kommun,SE/158000000,Vänersborgs kommun,municipal,ring,genitive_name_plus_type_word,matched
folknet:15:Kommun:VÅRGÅRDA KOMMUN,15,Kommun,VÅRGÅRDA KOMMUN,kommun,SE/152700000,Vårgårda kommun,municipal,core,exact_name,matched
folknet:15:Stad:ALINGSÅS STAD,15,Stad,ALINGSÅS STAD,stad,SE/158200002,Alingsås stad,municipal,core,exact_name,matched
folknet:15:Stad:TROLLHÄTTAN STAD,15,Stad,TROLLHÄTTAN STAD,stad,SE/158100011,Trollhättans stad,municipal,core,genitive_name_plus_type_word,matched
folknet:15:Stad:VÄNERSBORG STAD,15,Stad,VÄNERSBORG STAD,stad,SE/158000003,Vänersborgs stad,municipal,ring,genitive_name_plus_type_word,matched
folknet:16:Församling:BARNE-ÅSAKA,16,Församling,BARNE-ÅSAKA,parish,SE/160307000,Barne-Åsaka församling,parish,core,name_plus_type_word,matched
folknet:16:Församling:BITTERNA,16,Församling,BITTERNA,parish,SE/166013000,Bitterna församling,parish,ring,name_plus_type_word,matched
folknet:16:Församling:BJÄRBY,16,Församling,BJÄRBY,parish,SE/160205000,Bjärby församling,parish,ring,name_plus_type_word,matched
folknet:16:Församling:BÄREBERG,16,Församling,BÄREBERG,parish,SE/160303000,Bärebergs församling,parish,core,genitive_name_plus_type_word,matched
folknet:16:Församling:ELING,16,Församling,ELING,parish,SE/166012000,Elings församling,parish,ring,genitive_name_plus_type_word,matched
folknet:16:Församling:ESSUNGA,16,Församling,ESSUNGA,parish,SE/160304000,Essunga församling,parish,core,name_plus_type_word,matched
folknet:16:Församling:FLAKEBERG,16,Församling,FLAKEBERG,parish,SE/160204000,Flakebergs församling,parish,ring,genitive_name_plus_type_word,matched
folknet:16:Församling:FLO,16,Församling,FLO,parish,SE/160208000,Flo församling,parish,ring,name_plus_type_word,matched
folknet:16:Församling:FRIEL,16,Församling,FRIEL,parish,SE/168119000,Friels församling,parish,ring,genitive_name_plus_type_word,matched
folknet:16:Församling:FRÄMMESTAD,16,Församling,FRÄMMESTAD,parish,SE/160302000,Främmestads församling,parish,core,genitive_name_plus_type_word,matched
folknet:16:Församling:FÅGLUM,16,Församling,FÅGLUM,parish,SE/160306000,Fåglums församling,parish,core,genitive_name_plus_type_word,matched
folknet:16:Församling:GILLSTAD,16,Församling,GILLSTAD,parish,SE/168126000,Gillstads församling,parish,ring,genitive_name_plus_type_word,matched
folknet:16:Församling:HYRINGA,16,Församling,HYRINGA,parish,SE/160212000,Hyringa församling,parish,ring,name_plus_type_word,matched
folknet:16:Församling:HÄGGESLED,16,Församling,HÄGGESLED,parish,SE/168104000,Häggesleds församling,parish,ring,genitive_name_plus_type_word,matched
folknet:16:Församling:HÅLE,16,Församling,HÅLE,parish,SE/160202000,Håle församling,parish,ring,name_plus_type_word,matched
folknet:16:Församling:JÄRPÅS,16,Församling,JÄRPÅS,parish,SE/168103000,Järpås församling,parish,ring,name_plus_type_word,matched
folknet:16:Församling:KARABY,16,Församling,KARABY,parish,SE/168117000,Karaby församling (R-län),parish,ring,name_plus_type_word_without_county_qualifier,matched
folknet:16:Församling:KYRKÅS,16,Församling,KYRKÅS,parish,SE/160305000,Kyrkås församling (R-län),parish,core,name_plus_type_word_without_county_qualifier,matched
folknet:16:Församling:LASKE-VEDUM,16,Församling,LASKE-VEDUM,parish,SE/166014000,Laske-Vedums församling,parish,ring,genitive_name_plus_type_word,matched
folknet:16:Församling:LAVAD,16,Församling,LAVAD,parish,SE/168125000,Lavads församling,parish,ring,genitive_name_plus_type_word,matched
folknet:16:Församling:LEKÅSA,16,Församling,LEKÅSA,parish,SE/160308000,Lekåsa församling,parish,ring,name_plus_type_word,matched
folknet:16:Församling:LEVENE,16,Församling,LEVENE,parish,SE/166004000,Levene församling,parish,ring,name_plus_type_word,matched
folknet:16:Församling:LONG,16,Församling,LONG,parish,SE/166005000,Longs församling,parish,ring,genitive_name_plus_type_word,matched
folknet:16:Församling:LÄNGNUM,16,Församling,LÄNGNUM,parish,SE/160211000,Längnums församling,parish,ring,genitive_name_plus_type_word,matched
folknet:16:Församling:MALMA,16,Församling,MALMA,parish,SE/160301000,Malma församling (R-län),parish,ring,name_plus_type_word_without_county_qualifier,matched
folknet:16:Församling:MELLBY,16,Församling,MELLBY,parish,SE/168106000,Mellby församling (R-län),parish,ring,name_plus_type_word_without_county_qualifier,matched
folknet:16:Församling:NAUM,16,Församling,NAUM,parish,SE/166009000,Naums församling,parish,ring,genitive_name_plus_type_word,matched
folknet:16:Församling:RYDA,16,Församling,RYDA,parish,SE/166011000,Ryda församling,parish,ring,name_plus_type_word,matched
folknet:16:Församling:SAL,16,Församling,SAL,parish,SE/160207000,Sals församling,parish,ring,genitive_name_plus_type_word,matched
folknet:16:Församling:SKARSTAD,16,Församling,SKARSTAD,parish,SE/166007000,Skarstads församling,parish,ring,genitive_name_plus_type_word,matched
folknet:16:Församling:SLÄDENE,16,Församling,SLÄDENE,parish,SE/166003000,Slädene församling,parish,ring,name_plus_type_word,matched
folknet:16:Församling:SPARLÖSA,16,Församling,SPARLÖSA,parish,SE/166002000,Sparlösa församling,parish,ring,name_plus_type_word,matched
folknet:16:Församling:SÄRESTAD,16,Församling,SÄRESTAD,parish,SE/160203000,Särestads församling,parish,ring,genitive_name_plus_type_word,matched
folknet:16:Församling:SÖDRA KEDUM,16,Församling,SÖDRA KEDUM,parish,SE/166010000,Södra Kedums församling,parish,ring,genitive_name_plus_type_word,matched
folknet:16:Församling:SÖDRA LUNDBY,16,Församling,SÖDRA LUNDBY,parish,SE/166015000,Södra Lundby församling,parish,ring,name_plus_type_word,matched
folknet:16:Församling:TENGENE,16,Församling,TENGENE,parish,SE/160209000,Tengene församling,parish,ring,name_plus_type_word,matched
folknet:16:Församling:TRANUM,16,Församling,TRANUM,parish,SE/168127000,Tranums församling,parish,ring,genitive_name_plus_type_word,matched
folknet:16:Församling:TRÖKÖRNA,16,Församling,TRÖKÖRNA,parish,SE/160210000,Trökörna församling,parish,ring,name_plus_type_word,matched
folknet:16:Församling:TUN,16,Församling,TUN,parish,SE/168118000,Tuns församling,parish,ring,genitive_name_plus_type_word,matched
folknet:16:Församling:TÄNG,16,Församling,TÄNG,parish,SE/160201000,Tängs församling,parish,ring,genitive_name_plus_type_word,matched
folknet:16:Församling:UVERED,16,Församling,UVERED,parish,SE/168102000,Uvereds församling,parish,ring,genitive_name_plus_type_word,matched
folknet:16:Församling:VARA,16,Församling,VARA,parish,SE/166001000,Vara församling,parish,ring,name_plus_type_word,matched
folknet:16:Församling:ÅS,16,Församling,ÅS,parish,SE/160206000,Ås församling (R-län),parish,ring,name_plus_type_word_without_county_qualifier,matched
folknet:16:Församling:ÖNUM,16,Församling,ÖNUM,parish,SE/166008000,Önums församling,parish,ring,genitive_name_plus_type_word,matched
folknet:16:Kommun:ESSUNGA KOMMUN,16,Kommun,ESSUNGA KOMMUN,kommun,SE/160300000,Essunga kommun,municipal,core,exact_name,matched
folknet:16:Kommun:GRÄSTORP KOMMUN,16,Kommun,GRÄSTORP KOMMUN,kommun,SE/160200000,Grästorps kommun,municipal,ring,genitive_name_plus_type_word,matched
folknet:16:Kommun:LIDKÖPING KOMMUN,16,Kommun,LIDKÖPING KOMMUN,kommun,SE/168100000,Lidköpings kommun,municipal,ring,genitive_name_plus_type_word,matched
folknet:16:Kommun:VARA KOMMUN,16,Kommun,VARA KOMMUN,kommun,SE/166000000,Vara kommun,municipal,ring,exact_name,matched
